INSERT INTO pizzas (id, name, description, photo_url, created_at, price) VALUES (1, 'Margherita', 'pizza classica con pomodoro, mozzarella e basilico', '/images/pizza-photos/margherita-img.jpg', '2024-08-26 11:00:00.000000', 6.00), (2, 'Boscaiola', 'pizza classica con mozzarella, funghi e salsiccia', '/images/pizza-photos/boscaiola-img.jpg', '2024-08-26 11:00:00.000000', 7.00), (3, 'Diavola', 'pizza classica con mozzarella, pomodoro e salame piccante', '/images/pizza-photos/diavola-img.png', '2024-08-26 11:00:00.000000', 6.50), (4, 'Crostino', 'pizza classica con mozzarella e prosciutto cotto', '/images/pizza-photos/crostino-img.jpg', '2024-08-26 11:00:00.000000', 6.50), (5, 'Napoli', 'pizza classica Margherita con aggiunta di acciughe', '/images/pizza-photos/napoli-img.jpg', '2024-08-26 11:00:00.000000', 6.50), (6, 'Capricciosa', 'pizza classica con pomodoro, mozzarella, olive, prosciutto crudo, funghi, carciofini e uovo', '/images/pizza-photos/capricciosa-img.jpg', '2024-08-26 11:00:00.000000', 7.50);
INSERT INTO special_offers (id, pizza_id, start_date, end_date, title, created_at) VALUES (1, 1, '2024-09-12', '2024-09-14', 'aspettando il week-end', '2024-09-11 00:00:00.000000'), (2, 1, '2024-09-19', '2024-09-21', 'aspettando il week-end', '2024-09-11 00:00:00.000000'), (3, 2, '2024-09-20', '2024-09-27', 'promo del cacciatore', '2024-09-11 00:00:00.000000');
INSERT INTO ingredients (id, name, availability, created_at) VALUES (1, 'pomodoro', true, '2024-09-17 17:00:00.000000'), (2, 'mozzarella', true, '2024-09-17 17:00:00.000000'), (3, 'olio evo', true, '2024-09-17 17:00:00.000000'), (4, 'basilico', true, '2024-09-17 17:00:00.000000'), (5, 'prosciutto', true, '2024-09-17 17:00:00.000000'), (6, 'salame piccante', false, '2024-09-17 17:00:00.000000'), (7, 'alici', true, '2024-09-17 17:00:00.000000'), (8, 'funghi champignon', true, '2024-09-17 17:00:00.000000'), (9, 'salsiccia', true, '2024-09-17 17:00:00.000000'), (10, 'carciofini', false, '2024-09-17 17:00:00.000000');
INSERT INTO ingredient_pizza (pizza_id, ingredient_id) VALUES (1, 1), (1, 2), (1, 3), (1, 4), (2, 2), (2, 8), (2, 9), (3, 1), (3, 2), (3, 6);